case_code,selection_rule,screen,fraction_inspected,candidates_inspected,normalized_regret,color
C1,Highest-ranking case,A549 formulation screen,0.006369426751592357,1,0.1941272839673502,#2A9D8F
C1,Highest-ranking case,A549 formulation screen,0.012738853503184714,2,0.1941272839673502,#2A9D8F
C1,Highest-ranking case,A549 formulation screen,0.01910828025477707,3,0.1941272839673502,#2A9D8F
C1,Highest-ranking case,A549 formulation screen,0.025477707006369428,4,0.1941272839673502,#2A9D8F
C1,Highest-ranking case,A549 formulation screen,0.03184713375796178,5,0.1941272839673502,#2A9D8F
C1,Highest-ranking case,A549 formulation screen,0.03821656050955414,6,0.1941272839673502,#2A9D8F
C1,Highest-ranking case,A549 formulation screen,0.044585987261146494,7,0.1941272839673502,#2A9D8F
C1,Highest-ranking case,A549 formulation screen,0.050955414012738856,8,0.1941272839673502,#2A9D8F
C1,Highest-ranking case,A549 formulation screen,0.05732484076433121,9,0.1941272839673502,#2A9D8F
C1,Highest-ranking case,A549 formulation screen,0.06369426751592357,10,0.17944537911061326,#2A9D8F
C1,Highest-ranking case,A549 formulation screen,0.07006369426751592,11,0.0,#2A9D8F
C1,Highest-ranking case,A549 formulation screen,0.07643312101910828,12,0.0,#2A9D8F
C1,Highest-ranking case,A549 formulation screen,0.08280254777070063,13,0.0,#2A9D8F
C1,Highest-ranking case,A549 formulation screen,0.08917197452229299,14,0.0,#2A9D8F
C1,Highest-ranking case,A549 formulation screen,0.09554140127388536,15,0.0,#2A9D8F
C1,Highest-ranking case,A549 formulation screen,0.10191082802547771,16,0.0,#2A9D8F
C1,Highest-ranking case,A549 formulation screen,0.10828025477707007,17,0.0,#2A9D8F
C1,Highest-ranking case,A549 formulation screen,0.11464968152866242,18,0.0,#2A9D8F
C1,Highest-ranking case,A549 formulation screen,0.12101910828025478,19,0.0,#2A9D8F
C1,Highest-ranking case,A549 formulation screen,0.12738853503184713,20,0.0,#2A9D8F
C1,Highest-ranking case,A549 formulation screen,0.1337579617834395,21,0.0,#2A9D8F
C1,Highest-ranking case,A549 formulation screen,0.14012738853503184,22,0.0,#2A9D8F
C1,Highest-ranking case,A549 formulation screen,0.1464968152866242,23,0.0,#2A9D8F
C1,Highest-ranking case,A549 formulation screen,0.15286624203821655,24,0.0,#2A9D8F
C1,Highest-ranking case,A549 formulation screen,0.1592356687898089,25,0.0,#2A9D8F
C1,Highest-ranking case,A549 formulation screen,0.16560509554140126,26,0.0,#2A9D8F
C1,Highest-ranking case,A549 formulation screen,0.17197452229299362,27,0.0,#2A9D8F
C1,Highest-ranking case,A549 formulation screen,0.17834394904458598,28,0.0,#2A9D8F
C1,Highest-ranking case,A549 formulation screen,0.18471337579617833,29,0.0,#2A9D8F
C1,Highest-ranking case,A549 formulation screen,0.1910828025477707,30,0.0,#2A9D8F
C1,Highest-ranking case,A549 formulation screen,0.19745222929936307,31,0.0,#2A9D8F
C1,Highest-ranking case,A549 formulation screen,0.20382165605095542,32,0.0,#2A9D8F
C1,Highest-ranking case,A549 formulation screen,0.21019108280254778,33,0.0,#2A9D8F
C1,Highest-ranking case,A549 formulation screen,0.21656050955414013,34,0.0,#2A9D8F
C1,Highest-ranking case,A549 formulation screen,0.2229299363057325,35,0.0,#2A9D8F
C1,Highest-ranking case,A549 formulation screen,0.22929936305732485,36,0.0,#2A9D8F
C1,Highest-ranking case,A549 formulation screen,0.2356687898089172,37,0.0,#2A9D8F
C1,Highest-ranking case,A549 formulation screen,0.24203821656050956,38,0.0,#2A9D8F
C1,Highest-ranking case,A549 formulation screen,0.2484076433121019,39,0.0,#2A9D8F
C1,Highest-ranking case,A549 formulation screen,0.25477707006369427,40,0.0,#2A9D8F
C2,Median-ranking case,LM three-component-reaction screen,0.000925925925925926,1,0.6510505345169314,#4C78A8
C2,Median-ranking case,LM three-component-reaction screen,0.001851851851851852,2,0.5742656054319087,#4C78A8
C2,Median-ranking case,LM three-component-reaction screen,0.002777777777777778,3,0.0,#4C78A8
C2,Median-ranking case,LM three-component-reaction screen,0.003703703703703704,4,0.0,#4C78A8
C2,Median-ranking case,LM three-component-reaction screen,0.004629629629629629,5,0.0,#4C78A8
C2,Median-ranking case,LM three-component-reaction screen,0.005555555555555556,6,0.0,#4C78A8
C2,Median-ranking case,LM three-component-reaction screen,0.006481481481481481,7,0.0,#4C78A8
C2,Median-ranking case,LM three-component-reaction screen,0.007407407407407408,8,0.0,#4C78A8
C2,Median-ranking case,LM three-component-reaction screen,0.008333333333333333,9,0.0,#4C78A8
C2,Median-ranking case,LM three-component-reaction screen,0.009259259259259259,10,0.0,#4C78A8
C2,Median-ranking case,LM three-component-reaction screen,0.010185185185185186,11,0.0,#4C78A8
C2,Median-ranking case,LM three-component-reaction screen,0.011111111111111112,12,0.0,#4C78A8
C2,Median-ranking case,LM three-component-reaction screen,0.012037037037037037,13,0.0,#4C78A8
C2,Median-ranking case,LM three-component-reaction screen,0.012962962962962963,14,0.0,#4C78A8
C2,Median-ranking case,LM three-component-reaction screen,0.013888888888888888,15,0.0,#4C78A8
C2,Median-ranking case,LM three-component-reaction screen,0.014814814814814815,16,0.0,#4C78A8
C2,Median-ranking case,LM three-component-reaction screen,0.01574074074074074,17,0.0,#4C78A8
C2,Median-ranking case,LM three-component-reaction screen,0.016666666666666666,18,0.0,#4C78A8
C2,Median-ranking case,LM three-component-reaction screen,0.017592592592592594,19,0.0,#4C78A8
C2,Median-ranking case,LM three-component-reaction screen,0.018518518518518517,20,0.0,#4C78A8
C2,Median-ranking case,LM three-component-reaction screen,0.019444444444444445,21,0.0,#4C78A8
C2,Median-ranking case,LM three-component-reaction screen,0.020370370370370372,22,0.0,#4C78A8
C2,Median-ranking case,LM three-component-reaction screen,0.021296296296296296,23,0.0,#4C78A8
C2,Median-ranking case,LM three-component-reaction screen,0.022222222222222223,24,0.0,#4C78A8
C2,Median-ranking case,LM three-component-reaction screen,0.023148148148148147,25,0.0,#4C78A8
C2,Median-ranking case,LM three-component-reaction screen,0.024074074074074074,26,0.0,#4C78A8
C2,Median-ranking case,LM three-component-reaction screen,0.025,27,0.0,#4C78A8
C2,Median-ranking case,LM three-component-reaction screen,0.025925925925925925,28,0.0,#4C78A8
C2,Median-ranking case,LM three-component-reaction screen,0.026851851851851852,29,0.0,#4C78A8
C2,Median-ranking case,LM three-component-reaction screen,0.027777777777777776,30,0.0,#4C78A8
C2,Median-ranking case,LM three-component-reaction screen,0.028703703703703703,31,0.0,#4C78A8
C2,Median-ranking case,LM three-component-reaction screen,0.02962962962962963,32,0.0,#4C78A8
C2,Median-ranking case,LM three-component-reaction screen,0.030555555555555555,33,0.0,#4C78A8
C2,Median-ranking case,LM three-component-reaction screen,0.03148148148148148,34,0.0,#4C78A8
C2,Median-ranking case,LM three-component-reaction screen,0.032407407407407406,35,0.0,#4C78A8
C2,Median-ranking case,LM three-component-reaction screen,0.03333333333333333,36,0.0,#4C78A8
C2,Median-ranking case,LM three-component-reaction screen,0.03425925925925926,37,0.0,#4C78A8
C2,Median-ranking case,LM three-component-reaction screen,0.03518518518518519,38,0.0,#4C78A8
C2,Median-ranking case,LM three-component-reaction screen,0.03611111111111111,39,0.0,#4C78A8
C2,Median-ranking case,LM three-component-reaction screen,0.037037037037037035,40,0.0,#4C78A8
C2,Median-ranking case,LM three-component-reaction screen,0.03796296296296296,41,0.0,#4C78A8
C2,Median-ranking case,LM three-component-reaction screen,0.03888888888888889,42,0.0,#4C78A8
C2,Median-ranking case,LM three-component-reaction screen,0.03981481481481482,43,0.0,#4C78A8
C2,Median-ranking case,LM three-component-reaction screen,0.040740740740740744,44,0.0,#4C78A8
C2,Median-ranking case,LM three-component-reaction screen,0.041666666666666664,45,0.0,#4C78A8
C2,Median-ranking case,LM three-component-reaction screen,0.04259259259259259,46,0.0,#4C78A8
C2,Median-ranking case,LM three-component-reaction screen,0.04351851851851852,47,0.0,#4C78A8
C2,Median-ranking case,LM three-component-reaction screen,0.044444444444444446,48,0.0,#4C78A8
C2,Median-ranking case,LM three-component-reaction screen,0.04537037037037037,49,0.0,#4C78A8
C2,Median-ranking case,LM three-component-reaction screen,0.046296296296296294,50,0.0,#4C78A8
C2,Median-ranking case,LM three-component-reaction screen,0.04722222222222222,51,0.0,#4C78A8
C2,Median-ranking case,LM three-component-reaction screen,0.04814814814814815,52,0.0,#4C78A8
C2,Median-ranking case,LM three-component-reaction screen,0.049074074074074076,53,0.0,#4C78A8
C2,Median-ranking case,LM three-component-reaction screen,0.05,54,0.0,#4C78A8
C2,Median-ranking case,LM three-component-reaction screen,0.05092592592592592,55,0.0,#4C78A8
C2,Median-ranking case,LM three-component-reaction screen,0.05185185185185185,56,0.0,#4C78A8
C2,Median-ranking case,LM three-component-reaction screen,0.05277777777777778,57,0.0,#4C78A8
C2,Median-ranking case,LM three-component-reaction screen,0.053703703703703705,58,0.0,#4C78A8
C2,Median-ranking case,LM three-component-reaction screen,0.05462962962962963,59,0.0,#4C78A8
C2,Median-ranking case,LM three-component-reaction screen,0.05555555555555555,60,0.0,#4C78A8
C2,Median-ranking case,LM three-component-reaction screen,0.05648148148148148,61,0.0,#4C78A8
C2,Median-ranking case,LM three-component-reaction screen,0.05740740740740741,62,0.0,#4C78A8
C2,Median-ranking case,LM three-component-reaction screen,0.058333333333333334,63,0.0,#4C78A8
C2,Median-ranking case,LM three-component-reaction screen,0.05925925925925926,64,0.0,#4C78A8
C2,Median-ranking case,LM three-component-reaction screen,0.06018518518518518,65,0.0,#4C78A8
C2,Median-ranking case,LM three-component-reaction screen,0.06111111111111111,66,0.0,#4C78A8
C2,Median-ranking case,LM three-component-reaction screen,0.062037037037037036,67,0.0,#4C78A8
C2,Median-ranking case,LM three-component-reaction screen,0.06296296296296296,68,0.0,#4C78A8
C2,Median-ranking case,LM three-component-reaction screen,0.06388888888888888,69,0.0,#4C78A8
C2,Median-ranking case,LM three-component-reaction screen,0.06481481481481481,70,0.0,#4C78A8
C2,Median-ranking case,LM three-component-reaction screen,0.06574074074074074,71,0.0,#4C78A8
C2,Median-ranking case,LM three-component-reaction screen,0.06666666666666667,72,0.0,#4C78A8
C2,Median-ranking case,LM three-component-reaction screen,0.06759259259259259,73,0.0,#4C78A8
C2,Median-ranking case,LM three-component-reaction screen,0.06851851851851852,74,0.0,#4C78A8
C2,Median-ranking case,LM three-component-reaction screen,0.06944444444444445,75,0.0,#4C78A8
C2,Median-ranking case,LM three-component-reaction screen,0.07037037037037037,76,0.0,#4C78A8
C2,Median-ranking case,LM three-component-reaction screen,0.0712962962962963,77,0.0,#4C78A8
C2,Median-ranking case,LM three-component-reaction screen,0.07222222222222222,78,0.0,#4C78A8
C2,Median-ranking case,LM three-component-reaction screen,0.07314814814814814,79,0.0,#4C78A8
C2,Median-ranking case,LM three-component-reaction screen,0.07407407407407407,80,0.0,#4C78A8
C2,Median-ranking case,LM three-component-reaction screen,0.075,81,0.0,#4C78A8
C2,Median-ranking case,LM three-component-reaction screen,0.07592592592592592,82,0.0,#4C78A8
C2,Median-ranking case,LM three-component-reaction screen,0.07685185185185185,83,0.0,#4C78A8
C2,Median-ranking case,LM three-component-reaction screen,0.07777777777777778,84,0.0,#4C78A8
C2,Median-ranking case,LM three-component-reaction screen,0.0787037037037037,85,0.0,#4C78A8
C2,Median-ranking case,LM three-component-reaction screen,0.07962962962962963,86,0.0,#4C78A8
C2,Median-ranking case,LM three-component-reaction screen,0.08055555555555556,87,0.0,#4C78A8
C2,Median-ranking case,LM three-component-reaction screen,0.08148148148148149,88,0.0,#4C78A8
C2,Median-ranking case,LM three-component-reaction screen,0.0824074074074074,89,0.0,#4C78A8
C2,Median-ranking case,LM three-component-reaction screen,0.08333333333333333,90,0.0,#4C78A8
C2,Median-ranking case,LM three-component-reaction screen,0.08425925925925926,91,0.0,#4C78A8
C2,Median-ranking case,LM three-component-reaction screen,0.08518518518518518,92,0.0,#4C78A8
C2,Median-ranking case,LM three-component-reaction screen,0.08611111111111111,93,0.0,#4C78A8
C2,Median-ranking case,LM three-component-reaction screen,0.08703703703703704,94,0.0,#4C78A8
C2,Median-ranking case,LM three-component-reaction screen,0.08796296296296297,95,0.0,#4C78A8
C2,Median-ranking case,LM three-component-reaction screen,0.08888888888888889,96,0.0,#4C78A8
C2,Median-ranking case,LM three-component-reaction screen,0.08981481481481482,97,0.0,#4C78A8
C2,Median-ranking case,LM three-component-reaction screen,0.09074074074074075,98,0.0,#4C78A8
C2,Median-ranking case,LM three-component-reaction screen,0.09166666666666666,99,0.0,#4C78A8
C2,Median-ranking case,LM three-component-reaction screen,0.09259259259259259,100,0.0,#4C78A8
C2,Median-ranking case,LM three-component-reaction screen,0.09351851851851851,101,0.0,#4C78A8
C2,Median-ranking case,LM three-component-reaction screen,0.09444444444444444,102,0.0,#4C78A8
C2,Median-ranking case,LM three-component-reaction screen,0.09537037037037037,103,0.0,#4C78A8
C2,Median-ranking case,LM three-component-reaction screen,0.0962962962962963,104,0.0,#4C78A8
C2,Median-ranking case,LM three-component-reaction screen,0.09722222222222222,105,0.0,#4C78A8
C2,Median-ranking case,LM three-component-reaction screen,0.09814814814814815,106,0.0,#4C78A8
C2,Median-ranking case,LM three-component-reaction screen,0.09907407407407408,107,0.0,#4C78A8
C2,Median-ranking case,LM three-component-reaction screen,0.1,108,0.0,#4C78A8
C2,Median-ranking case,LM three-component-reaction screen,0.10092592592592593,109,0.0,#4C78A8
C2,Median-ranking case,LM three-component-reaction screen,0.10185185185185185,110,0.0,#4C78A8
C2,Median-ranking case,LM three-component-reaction screen,0.10277777777777777,111,0.0,#4C78A8
C2,Median-ranking case,LM three-component-reaction screen,0.1037037037037037,112,0.0,#4C78A8
C2,Median-ranking case,LM three-component-reaction screen,0.10462962962962963,113,0.0,#4C78A8
C2,Median-ranking case,LM three-component-reaction screen,0.10555555555555556,114,0.0,#4C78A8
C2,Median-ranking case,LM three-component-reaction screen,0.10648148148148148,115,0.0,#4C78A8
C2,Median-ranking case,LM three-component-reaction screen,0.10740740740740741,116,0.0,#4C78A8
C2,Median-ranking case,LM three-component-reaction screen,0.10833333333333334,117,0.0,#4C78A8
C2,Median-ranking case,LM three-component-reaction screen,0.10925925925925926,118,0.0,#4C78A8
C2,Median-ranking case,LM three-component-reaction screen,0.11018518518518519,119,0.0,#4C78A8
C2,Median-ranking case,LM three-component-reaction screen,0.1111111111111111,120,0.0,#4C78A8
C2,Median-ranking case,LM three-component-reaction screen,0.11203703703703703,121,0.0,#4C78A8
C2,Median-ranking case,LM three-component-reaction screen,0.11296296296296296,122,0.0,#4C78A8
C2,Median-ranking case,LM three-component-reaction screen,0.11388888888888889,123,0.0,#4C78A8
C2,Median-ranking case,LM three-component-reaction screen,0.11481481481481481,124,0.0,#4C78A8
C2,Median-ranking case,LM three-component-reaction screen,0.11574074074074074,125,0.0,#4C78A8
C2,Median-ranking case,LM three-component-reaction screen,0.11666666666666667,126,0.0,#4C78A8
C2,Median-ranking case,LM three-component-reaction screen,0.1175925925925926,127,0.0,#4C78A8
C2,Median-ranking case,LM three-component-reaction screen,0.11851851851851852,128,0.0,#4C78A8
C2,Median-ranking case,LM three-component-reaction screen,0.11944444444444445,129,0.0,#4C78A8
C2,Median-ranking case,LM three-component-reaction screen,0.12037037037037036,130,0.0,#4C78A8
C2,Median-ranking case,LM three-component-reaction screen,0.12129629629629629,131,0.0,#4C78A8
C2,Median-ranking case,LM three-component-reaction screen,0.12222222222222222,132,0.0,#4C78A8
C2,Median-ranking case,LM three-component-reaction screen,0.12314814814814815,133,0.0,#4C78A8
C2,Median-ranking case,LM three-component-reaction screen,0.12407407407407407,134,0.0,#4C78A8
C2,Median-ranking case,LM three-component-reaction screen,0.125,135,0.0,#4C78A8
C2,Median-ranking case,LM three-component-reaction screen,0.1259259259259259,136,0.0,#4C78A8
C2,Median-ranking case,LM three-component-reaction screen,0.12685185185185185,137,0.0,#4C78A8
C2,Median-ranking case,LM three-component-reaction screen,0.12777777777777777,138,0.0,#4C78A8
C2,Median-ranking case,LM three-component-reaction screen,0.1287037037037037,139,0.0,#4C78A8
C2,Median-ranking case,LM three-component-reaction screen,0.12962962962962962,140,0.0,#4C78A8
C2,Median-ranking case,LM three-component-reaction screen,0.13055555555555556,141,0.0,#4C78A8
C2,Median-ranking case,LM three-component-reaction screen,0.13148148148148148,142,0.0,#4C78A8
C2,Median-ranking case,LM three-component-reaction screen,0.13240740740740742,143,0.0,#4C78A8
C2,Median-ranking case,LM three-component-reaction screen,0.13333333333333333,144,0.0,#4C78A8
C2,Median-ranking case,LM three-component-reaction screen,0.13425925925925927,145,0.0,#4C78A8
C2,Median-ranking case,LM three-component-reaction screen,0.13518518518518519,146,0.0,#4C78A8
C2,Median-ranking case,LM three-component-reaction screen,0.1361111111111111,147,0.0,#4C78A8
C2,Median-ranking case,LM three-component-reaction screen,0.13703703703703704,148,0.0,#4C78A8
C2,Median-ranking case,LM three-component-reaction screen,0.13796296296296295,149,0.0,#4C78A8
C2,Median-ranking case,LM three-component-reaction screen,0.1388888888888889,150,0.0,#4C78A8
C2,Median-ranking case,LM three-component-reaction screen,0.1398148148148148,151,0.0,#4C78A8
C2,Median-ranking case,LM three-component-reaction screen,0.14074074074074075,152,0.0,#4C78A8
C2,Median-ranking case,LM three-component-reaction screen,0.14166666666666666,153,0.0,#4C78A8
C2,Median-ranking case,LM three-component-reaction screen,0.1425925925925926,154,0.0,#4C78A8
C2,Median-ranking case,LM three-component-reaction screen,0.14351851851851852,155,0.0,#4C78A8
C2,Median-ranking case,LM three-component-reaction screen,0.14444444444444443,156,0.0,#4C78A8
C2,Median-ranking case,LM three-component-reaction screen,0.14537037037037037,157,0.0,#4C78A8
C2,Median-ranking case,LM three-component-reaction screen,0.14629629629629629,158,0.0,#4C78A8
C2,Median-ranking case,LM three-component-reaction screen,0.14722222222222223,159,0.0,#4C78A8
C2,Median-ranking case,LM three-component-reaction screen,0.14814814814814814,160,0.0,#4C78A8
C2,Median-ranking case,LM three-component-reaction screen,0.14907407407407408,161,0.0,#4C78A8
C2,Median-ranking case,LM three-component-reaction screen,0.15,162,0.0,#4C78A8
C2,Median-ranking case,LM three-component-reaction screen,0.15092592592592594,163,0.0,#4C78A8
C2,Median-ranking case,LM three-component-reaction screen,0.15185185185185185,164,0.0,#4C78A8
C2,Median-ranking case,LM three-component-reaction screen,0.1527777777777778,165,0.0,#4C78A8
C2,Median-ranking case,LM three-component-reaction screen,0.1537037037037037,166,0.0,#4C78A8
C2,Median-ranking case,LM three-component-reaction screen,0.15462962962962962,167,0.0,#4C78A8
C2,Median-ranking case,LM three-component-reaction screen,0.15555555555555556,168,0.0,#4C78A8
C2,Median-ranking case,LM three-component-reaction screen,0.15648148148148147,169,0.0,#4C78A8
C2,Median-ranking case,LM three-component-reaction screen,0.1574074074074074,170,0.0,#4C78A8
C2,Median-ranking case,LM three-component-reaction screen,0.15833333333333333,171,0.0,#4C78A8
C2,Median-ranking case,LM three-component-reaction screen,0.15925925925925927,172,0.0,#4C78A8
C2,Median-ranking case,LM three-component-reaction screen,0.16018518518518518,173,0.0,#4C78A8
C2,Median-ranking case,LM three-component-reaction screen,0.16111111111111112,174,0.0,#4C78A8
C2,Median-ranking case,LM three-component-reaction screen,0.16203703703703703,175,0.0,#4C78A8
C2,Median-ranking case,LM three-component-reaction screen,0.16296296296296298,176,0.0,#4C78A8
C2,Median-ranking case,LM three-component-reaction screen,0.1638888888888889,177,0.0,#4C78A8
C2,Median-ranking case,LM three-component-reaction screen,0.1648148148148148,178,0.0,#4C78A8
C2,Median-ranking case,LM three-component-reaction screen,0.16574074074074074,179,0.0,#4C78A8
C2,Median-ranking case,LM three-component-reaction screen,0.16666666666666666,180,0.0,#4C78A8
C2,Median-ranking case,LM three-component-reaction screen,0.1675925925925926,181,0.0,#4C78A8
C2,Median-ranking case,LM three-component-reaction screen,0.1685185185185185,182,0.0,#4C78A8
C2,Median-ranking case,LM three-component-reaction screen,0.16944444444444445,183,0.0,#4C78A8
C2,Median-ranking case,LM three-component-reaction screen,0.17037037037037037,184,0.0,#4C78A8
C2,Median-ranking case,LM three-component-reaction screen,0.1712962962962963,185,0.0,#4C78A8
C2,Median-ranking case,LM three-component-reaction screen,0.17222222222222222,186,0.0,#4C78A8
C2,Median-ranking case,LM three-component-reaction screen,0.17314814814814813,187,0.0,#4C78A8
C2,Median-ranking case,LM three-component-reaction screen,0.17407407407407408,188,0.0,#4C78A8
C2,Median-ranking case,LM three-component-reaction screen,0.175,189,0.0,#4C78A8
C2,Median-ranking case,LM three-component-reaction screen,0.17592592592592593,190,0.0,#4C78A8
C2,Median-ranking case,LM three-component-reaction screen,0.17685185185185184,191,0.0,#4C78A8
C2,Median-ranking case,LM three-component-reaction screen,0.17777777777777778,192,0.0,#4C78A8
C2,Median-ranking case,LM three-component-reaction screen,0.1787037037037037,193,0.0,#4C78A8
C2,Median-ranking case,LM three-component-reaction screen,0.17962962962962964,194,0.0,#4C78A8
C2,Median-ranking case,LM three-component-reaction screen,0.18055555555555555,195,0.0,#4C78A8
C2,Median-ranking case,LM three-component-reaction screen,0.1814814814814815,196,0.0,#4C78A8
C2,Median-ranking case,LM three-component-reaction screen,0.1824074074074074,197,0.0,#4C78A8
C2,Median-ranking case,LM three-component-reaction screen,0.18333333333333332,198,0.0,#4C78A8
C2,Median-ranking case,LM three-component-reaction screen,0.18425925925925926,199,0.0,#4C78A8
C2,Median-ranking case,LM three-component-reaction screen,0.18518518518518517,200,0.0,#4C78A8
C2,Median-ranking case,LM three-component-reaction screen,0.18611111111111112,201,0.0,#4C78A8
C2,Median-ranking case,LM three-component-reaction screen,0.18703703703703703,202,0.0,#4C78A8
C2,Median-ranking case,LM three-component-reaction screen,0.18796296296296297,203,0.0,#4C78A8
C2,Median-ranking case,LM three-component-reaction screen,0.18888888888888888,204,0.0,#4C78A8
C2,Median-ranking case,LM three-component-reaction screen,0.18981481481481483,205,0.0,#4C78A8
C2,Median-ranking case,LM three-component-reaction screen,0.19074074074074074,206,0.0,#4C78A8
C2,Median-ranking case,LM three-component-reaction screen,0.19166666666666668,207,0.0,#4C78A8
C2,Median-ranking case,LM three-component-reaction screen,0.1925925925925926,208,0.0,#4C78A8
C2,Median-ranking case,LM three-component-reaction screen,0.1935185185185185,209,0.0,#4C78A8
C2,Median-ranking case,LM three-component-reaction screen,0.19444444444444445,210,0.0,#4C78A8
C2,Median-ranking case,LM three-component-reaction screen,0.19537037037037036,211,0.0,#4C78A8
C2,Median-ranking case,LM three-component-reaction screen,0.1962962962962963,212,0.0,#4C78A8
C2,Median-ranking case,LM three-component-reaction screen,0.19722222222222222,213,0.0,#4C78A8
C2,Median-ranking case,LM three-component-reaction screen,0.19814814814814816,214,0.0,#4C78A8
C2,Median-ranking case,LM three-component-reaction screen,0.19907407407407407,215,0.0,#4C78A8
C2,Median-ranking case,LM three-component-reaction screen,0.2,216,0.0,#4C78A8
C2,Median-ranking case,LM three-component-reaction screen,0.20092592592592592,217,0.0,#4C78A8
C2,Median-ranking case,LM three-component-reaction screen,0.20185185185185187,218,0.0,#4C78A8
C2,Median-ranking case,LM three-component-reaction screen,0.20277777777777778,219,0.0,#4C78A8
C2,Median-ranking case,LM three-component-reaction screen,0.2037037037037037,220,0.0,#4C78A8
C2,Median-ranking case,LM three-component-reaction screen,0.20462962962962963,221,0.0,#4C78A8
C2,Median-ranking case,LM three-component-reaction screen,0.20555555555555555,222,0.0,#4C78A8
C2,Median-ranking case,LM three-component-reaction screen,0.2064814814814815,223,0.0,#4C78A8
C2,Median-ranking case,LM three-component-reaction screen,0.2074074074074074,224,0.0,#4C78A8
C2,Median-ranking case,LM three-component-reaction screen,0.20833333333333334,225,0.0,#4C78A8
C2,Median-ranking case,LM three-component-reaction screen,0.20925925925925926,226,0.0,#4C78A8
C2,Median-ranking case,LM three-component-reaction screen,0.2101851851851852,227,0.0,#4C78A8
C2,Median-ranking case,LM three-component-reaction screen,0.2111111111111111,228,0.0,#4C78A8
C2,Median-ranking case,LM three-component-reaction screen,0.21203703703703702,229,0.0,#4C78A8
C2,Median-ranking case,LM three-component-reaction screen,0.21296296296296297,230,0.0,#4C78A8
C2,Median-ranking case,LM three-component-reaction screen,0.21388888888888888,231,0.0,#4C78A8
C2,Median-ranking case,LM three-component-reaction screen,0.21481481481481482,232,0.0,#4C78A8
C2,Median-ranking case,LM three-component-reaction screen,0.21574074074074073,233,0.0,#4C78A8
C2,Median-ranking case,LM three-component-reaction screen,0.21666666666666667,234,0.0,#4C78A8
C2,Median-ranking case,LM three-component-reaction screen,0.2175925925925926,235,0.0,#4C78A8
C2,Median-ranking case,LM three-component-reaction screen,0.21851851851851853,236,0.0,#4C78A8
C2,Median-ranking case,LM three-component-reaction screen,0.21944444444444444,237,0.0,#4C78A8
C2,Median-ranking case,LM three-component-reaction screen,0.22037037037037038,238,0.0,#4C78A8
C2,Median-ranking case,LM three-component-reaction screen,0.2212962962962963,239,0.0,#4C78A8
C2,Median-ranking case,LM three-component-reaction screen,0.2222222222222222,240,0.0,#4C78A8
C2,Median-ranking case,LM three-component-reaction screen,0.22314814814814815,241,0.0,#4C78A8
C2,Median-ranking case,LM three-component-reaction screen,0.22407407407407406,242,0.0,#4C78A8
C2,Median-ranking case,LM three-component-reaction screen,0.225,243,0.0,#4C78A8
C2,Median-ranking case,LM three-component-reaction screen,0.22592592592592592,244,0.0,#4C78A8
C2,Median-ranking case,LM three-component-reaction screen,0.22685185185185186,245,0.0,#4C78A8
C2,Median-ranking case,LM three-component-reaction screen,0.22777777777777777,246,0.0,#4C78A8
C2,Median-ranking case,LM three-component-reaction screen,0.22870370370370371,247,0.0,#4C78A8
C2,Median-ranking case,LM three-component-reaction screen,0.22962962962962963,248,0.0,#4C78A8
C2,Median-ranking case,LM three-component-reaction screen,0.23055555555555557,249,0.0,#4C78A8
C2,Median-ranking case,LM three-component-reaction screen,0.23148148148148148,250,0.0,#4C78A8
C2,Median-ranking case,LM three-component-reaction screen,0.2324074074074074,251,0.0,#4C78A8
C2,Median-ranking case,LM three-component-reaction screen,0.23333333333333334,252,0.0,#4C78A8
C2,Median-ranking case,LM three-component-reaction screen,0.23425925925925925,253,0.0,#4C78A8
C2,Median-ranking case,LM three-component-reaction screen,0.2351851851851852,254,0.0,#4C78A8
C2,Median-ranking case,LM three-component-reaction screen,0.2361111111111111,255,0.0,#4C78A8
C2,Median-ranking case,LM three-component-reaction screen,0.23703703703703705,256,0.0,#4C78A8
C2,Median-ranking case,LM three-component-reaction screen,0.23796296296296296,257,0.0,#4C78A8
C2,Median-ranking case,LM three-component-reaction screen,0.2388888888888889,258,0.0,#4C78A8
C2,Median-ranking case,LM three-component-reaction screen,0.23981481481481481,259,0.0,#4C78A8
C2,Median-ranking case,LM three-component-reaction screen,0.24074074074074073,260,0.0,#4C78A8
C2,Median-ranking case,LM three-component-reaction screen,0.24166666666666667,261,0.0,#4C78A8
C2,Median-ranking case,LM three-component-reaction screen,0.24259259259259258,262,0.0,#4C78A8
C2,Median-ranking case,LM three-component-reaction screen,0.24351851851851852,263,0.0,#4C78A8
C2,Median-ranking case,LM three-component-reaction screen,0.24444444444444444,264,0.0,#4C78A8
C2,Median-ranking case,LM three-component-reaction screen,0.24537037037037038,265,0.0,#4C78A8
C2,Median-ranking case,LM three-component-reaction screen,0.2462962962962963,266,0.0,#4C78A8
C2,Median-ranking case,LM three-component-reaction screen,0.24722222222222223,267,0.0,#4C78A8
C2,Median-ranking case,LM three-component-reaction screen,0.24814814814814815,268,0.0,#4C78A8
C2,Median-ranking case,LM three-component-reaction screen,0.2490740740740741,269,0.0,#4C78A8
C2,Median-ranking case,LM three-component-reaction screen,0.25,270,0.0,#4C78A8
C3,Lowest-ranking case,4CR ketone screen,0.03571428571428571,1,0.8461538294860627,#C75B39
C3,Lowest-ranking case,4CR ketone screen,0.07142857142857142,2,0.6153846152457173,#C75B39
C3,Lowest-ranking case,4CR ketone screen,0.10714285714285714,3,0.6153846152457173,#C75B39
C3,Lowest-ranking case,4CR ketone screen,0.14285714285714285,4,0.6153846152457173,#C75B39
C3,Lowest-ranking case,4CR ketone screen,0.17857142857142858,5,0.6153846152457173,#C75B39
C3,Lowest-ranking case,4CR ketone screen,0.21428571428571427,6,0.0,#C75B39
C3,Lowest-ranking case,4CR ketone screen,0.25,7,0.0,#C75B39
