screen_code,group,n,rmse,point_spearman,rank_spearman,ndcg,hit_recall_5pct,regret_5pct,normalized_regret_5pct,hit_recall_10pct,regret_10pct,normalized_regret_10pct,hit_recall_20pct,regret_20pct,normalized_regret_20pct,source,model,seed,fold_index,split,delivery_target,model_type,route_of_administration,cargo_type,experiment_id,library_id,prediction_rows,delivery_target_display,model_type_display,route_of_administration_display,cargo_type_display
S01,screen:LM_3CR_LM_3CR_dendritic_cell_BMDM_in_vitro,12,0.9952733187461614,0.2727272727272727,0.7902097902097903,0.9448746086254612,0.0,0.3309131860733032,0.113518392087126,0.0,0.3309131860733032,0.113518392087126,0.6666666666666666,0.0,0.0,ablation_results\20260903_092154\results.json,A115_dual_rank_residual,20260723,0,test,dendritic_cell,BMDM,in_vitro,mRNA,LM_3CR,LM_3CR,12,Dendritic cell,BMDM,In vitro,mRNA
S02,screen:Li_enzyme_catalyzed_Li_enzyme_catalyzed_generic_cell_HEK293T_in_vitro,144,0.98170361675343,0.5457884132438577,0.6631092054655363,0.5259873180438751,0.125,5.6396156549453735,0.738562088977861,0.3333333333333333,4.017602205276489,0.5261437762711875,0.5172413793103449,0.0,0.0,ablation_results\20260903_092511\results.json,A115_dual_rank_residual,20260724,1,test,generic_cell,HEK293T,in_vitro,mRNA,Li_enzyme_catalyzed,Li_enzyme_catalyzed,144,Generic cell,HEK293T,In vitro,mRNA
S03,screen:Lee_unsat_dendrimer_Lee_unsat_dendrimer_generic_cell_IGROV1_in_vitro,84,0.915018608632091,0.5336609502798099,0.4550604118219208,0.9017968144167828,0.4,0.0,0.0,0.2222222222222222,0.0,0.0,0.4117647058823529,0.0,0.0,ablation_results\20260903_092831\results.json,A115_dual_rank_residual,20260725,2,test,generic_cell,IGROV1,in_vitro,mRNA,Lee_unsat_dendrimer,Lee_unsat_dendrimer,84,Generic cell,IGROV1,In vitro,mRNA
S04,screen:Miller_zwitter_lipids_Miller_ZAL_generic_cell_HeLa_in_vitro,72,1.007623200500195,-0.0976042005321119,0.3181558105903274,0.7334486780032969,0.0,1.6184884905815125,0.5,0.125,0.0,0.0,0.5333333333333333,0.0,0.0,ablation_results\20260903_092154\results.json,A115_dual_rank_residual,20260723,0,test,generic_cell,HeLa,in_vitro,siRNA,Miller_zwitter_lipids,Miller_ZAL,72,Generic cell,HeLa,In vitro,siRNA
S05,screen:Chen_disulfide_Chen_disulfide_generic_cell_IGROV1_in_vitro,100,0.908009056107264,0.4485004219570817,0.2666126108707701,0.9406640695043236,0.2,0.0,0.0,0.1,0.0,0.0,0.35,0.0,0.0,ablation_results\20260903_092154\results.json,A115_dual_rank_residual,20260723,0,test,generic_cell,IGROV1,in_vitro,mRNA,Chen_disulfide,Chen_disulfide,100,Generic cell,IGROV1,In vitro,mRNA
S06,screen:Whitehead_siRNA_whitehead_lipidoid_generic_cell_nan_in_vitro,1150,0.9878970190369146,0.3320267757603943,0.2284445704215924,0.8502591156690642,0.1379310344827586,0.2579975128173828,0.0443169470139894,0.2,0.2545771598815918,0.0437294235213428,0.3695652173913043,0.0,0.0,ablation_results\20260903_092831\results.json,A115_dual_rank_residual,20260725,2,test,generic_cell,,in_vitro,siRNA,Whitehead_siRNA,whitehead_lipidoid,1150,Generic cell,Not reported,In vitro,siRNA
S07,screen:Zhou_dendrimer_Zhou_dendrimer_generic_cell_HeLa_in_vitro,1470,1.0204408678213497,0.2023507319712402,0.2181640312487372,0.7962109359805158,0.2162162162162162,0.0,0.0,0.272108843537415,0.0,0.0,0.391156462585034,0.0,0.0,ablation_results\20260903_092154\results.json,A115_dual_rank_residual,20260723,0,test,generic_cell,HeLa,in_vitro,siRNA,Zhou_dendrimer,Zhou_dendrimer,1470,Generic cell,HeLa,In vitro,siRNA
S08,screen:LM_3CR_LM_3CR_generic_cell_HeLa_in_vitro,1080,0.98730710141627,0.3207338547350809,0.2022253645995808,0.9332835885986958,0.2962962962962963,0.0,0.0,0.324074074074074,0.0,0.0,0.3518518518518518,0.0,0.0,ablation_results\20260903_093125\results.json,A115_dual_rank_residual,20260726,3,test,generic_cell,HeLa,in_vitro,mRNA,LM_3CR,LM_3CR,1080,Generic cell,HeLa,In vitro,mRNA
S09,screen:AGILE_3CR_Agile_3CR_generic_cell_HeLa_in_vitro,1100,1.0109616293010184,-0.0297651965397842,0.1962821228625501,0.9469255218816588,0.0545454545454545,0.5360628366470337,0.0967742233995226,0.1727272727272727,0.5360628366470337,0.0967742233995226,0.2863636363636364,0.2233593463897705,0.0403225625956374,ablation_results\20260903_093354\results.json,A115_dual_rank_residual,20260727,4,test,generic_cell,HeLa,in_vitro,mRNA,AGILE_3CR,Agile_3CR,1100,Generic cell,HeLa,In vitro,mRNA
S10,screen:Liu_Phospholipids_Liu_iPhos_generic_cell_IGROV1_in_vitro,572,1.0292712209276194,0.0122359697299071,0.1843442772309346,0.8752926418406811,0.3448275862068966,0.0,0.0,0.5517241379310345,0.0,0.0,0.4608695652173913,0.0,0.0,ablation_results\20260903_092831\results.json,A115_dual_rank_residual,20260725,2,test,generic_cell,IGROV1,in_vitro,mRNA,Liu_Phospholipids,Liu_iPhos,572,Generic cell,IGROV1,In vitro,mRNA
S11,screen:Yan_aza_michael_Yan_aza_michael_generic_cell_IGROV1_in_vitro,119,0.9800100207658784,0.1619254023336109,0.1387306516689736,0.6074340437859123,0.0,2.9927045926451683,0.799999990041676,0.0,2.9927045926451683,0.799999990041676,0.125,0.0,0.0,ablation_results\20260903_092154\results.json,A115_dual_rank_residual,20260723,0,test,generic_cell,IGROV1,in_vitro,mRNA,Yan_aza_michael,Yan_aza_michael,119,Generic cell,IGROV1,In vitro,mRNA
S12,screen:Akinc_Michael_addition_Akinc_Michael_generic_cell_HeLa_in_vitro,487,1.0132081358097038,0.1439026624782073,0.0914007545064496,0.5028692881110348,0.0,4.376218318939209,0.7500000204301895,0.0408163265306122,4.376218318939209,0.7500000204301895,0.173469387755102,0.0,0.0,ablation_results\20260903_092154\results.json,A115_dual_rank_residual,20260723,0,test,generic_cell,HeLa,in_vitro,siRNA,Akinc_Michael_addition,Akinc_Michael,487,Generic cell,HeLa,In vitro,siRNA
S13,screen:Li_Thiolyne_Li_Thiolyne_generic_cell_HEK293T_in_vitro,112,0.9799942476045406,0.4058216002910331,0.0759079534348043,0.5410172630792037,0.0,3.440924197435379,0.7849624073747713,0.0833333333333333,1.9182164669036863,0.4375940094376124,0.1304347826086956,1.146974802017212,0.2616541516551501,ablation_results\20260903_092831\results.json,A115_dual_rank_residual,20260725,2,test,generic_cell,HEK293T,in_vitro,pDNA,Li_Thiolyne,Li_Thiolyne,112,Generic cell,HEK293T,In vitro,pDNA
S14,screen:IR_BL_AG_3CR_sting_IR_3CR_sting_generic_cell_HeLa_in_vitro,480,1.0165934189875008,-0.1841780079054631,0.0536270181280148,0.8674477987648916,0.0,1.9731464385986328,0.3387130446768958,0.125,0.1388471126556396,0.0238346872549352,0.3020833333333333,0.0,0.0,ablation_results\20260903_092511\results.json,A115_dual_rank_residual,20260724,1,test,generic_cell,HeLa,in_vitro,mRNA,IR_BL_AG_3CR_sting,IR_3CR_sting,480,Generic cell,HeLa,In vitro,mRNA
S15,screen:IR_BL_AG_4CR_IR_4CR_aldehyde_generic_cell_HeLa_in_vitro,560,1.0142238255296885,-0.0434443841132188,0.0503695323376656,0.905723896800584,0.1071428571428571,0.9930374622344972,0.1371236823976473,0.1428571428571428,0.9930374622344972,0.1371236823976473,0.2232142857142857,0.9930374622344972,0.1371236823976473,ablation_results\20260903_092511\results.json,A115_dual_rank_residual,20260724,1,test,generic_cell,HeLa,in_vitro,mRNA,IR_BL_AG_4CR,IR_4CR_aldehyde,560,Generic cell,HeLa,In vitro,mRNA
S16,screen:RM_BL_AG_carbonate_RM_carbonate_generic_cell_nan_in_vitro,709,0.9955737824011232,0.1555894090832151,-0.0024721373812424,0.921238135183562,0.1944444444444444,0.5566061735153198,0.118770076301392,0.2535211267605634,0.2186415195465088,0.0466542974095784,0.323943661971831,0.0,0.0,ablation_results\20260903_093354\results.json,A115_dual_rank_residual,20260727,4,test,generic_cell,,in_vitro,mRNA,RM_BL_AG_carbonate,RM_carbonate,709,Generic cell,Not reported,In vitro,mRNA
S17,screen:Raj_Jacob_ML_branched_ester_RM_Michael_addition_branched_liver_Mouse_intravenous,97,1.002812099461158,0.2131416999789606,0.5779902167052386,0.9581750687434986,0.2,0.1662065982818603,0.0465794812708151,0.5,0.0,0.0,0.5,0.0,0.0,ablation_results\20260903_093125\results.json,A115_dual_rank_residual,20260726,3,test,liver,Mouse,intravenous,mRNA,Raj_Jacob_ML_branched_ester,RM_Michael_addition_branched,97,Liver,Mouse,Intravenous,mRNA
S18,screen:Chen_disulfide_Chen_disulfide_liver_Mouse_intravenous,31,1.0009798311441669,0.4016970474989416,0.3415131761290649,0.9571576811909892,0.0,0.3636036515235901,0.0936193489598008,0.0,0.3636036515235901,0.0936193489598008,0.2857142857142857,0.3636036515235901,0.0936193489598008,ablation_results\20260903_093125\results.json,A115_dual_rank_residual,20260726,3,test,liver,Mouse,intravenous,mRNA,Chen_disulfide,Chen_disulfide,31,Liver,Mouse,Intravenous,mRNA
S19,screen:Whitehead_siRNA_whitehead_lipidoid_liver_nan_intravenous,90,0.99679335946875,0.2579176767428386,0.2249752025997677,0.9068571226916854,0.0,0.0269701480865478,0.0094974701413118,0.1111111111111111,0.0269701480865478,0.0094974701413118,0.3888888888888889,0.000482439994812,0.0001698900366063,ablation_results\20260903_093354\results.json,A115_dual_rank_residual,20260727,4,test,liver,,intravenous,siRNA,Whitehead_siRNA,whitehead_lipidoid,90,Liver,Not reported,Intravenous,siRNA
S20,screen:Zhou_dendrimer_Zhou_dendrimer_liver_Mouse_intravenous,24,1.0110010714201303,0.1726603434576062,0.1597339006319031,0.8029199651319655,0.0,0.0,0.0,0.3333333333333333,0.0,0.0,0.2,0.0,0.0,ablation_results\20260903_092511\results.json,A115_dual_rank_residual,20260724,1,test,liver,Mouse,intravenous,siRNA,Zhou_dendrimer,Zhou_dendrimer,24,Liver,Mouse,Intravenous,siRNA
S21,screen:Luke_Raj_133_3_form_RM_Michael_addition_branched_133_form_liver_Mouse_intravenous,23,1.001615822460309,-0.5009881422924901,0.0494071146245059,0.8048550049001635,0.0,0.8766744136810303,0.2069620053139196,0.3333333333333333,0.8766744136810303,0.2069620053139196,0.4,0.8766744136810303,0.2069620053139196,ablation_results\20260903_093354\results.json,A115_dual_rank_residual,20260727,4,test,liver,Mouse,intravenous,mRNA,Luke_Raj_133_3_form,RM_Michael_addition_branched_133_form,23,Liver,Mouse,Intravenous,mRNA
S22,screen:He_4CR_aldehyde_He_4CR_aldehyde_liver_Mouse_intravenous,161,0.9875481340171312,0.1959681167044333,0.0260255423779654,0.8209229034125667,0.0,0.8328238129615784,0.2332789301074373,0.0,0.652281641960144,0.1827079884088338,0.1212121212121212,0.0524154901504516,0.0146818922238458,ablation_results\20260903_092831\results.json,A115_dual_rank_residual,20260725,2,test,liver,Mouse,intravenous,mRNA,He_4CR_aldehyde,He_4CR_aldehyde,161,Liver,Mouse,Intravenous,mRNA
S23,screen:Luke_Raj_Branched_ester_RM_Michael_addition_branched_liver_Mouse_intravenous,384,1.0024148697109374,-0.365238321272411,-0.2427602010316345,0.3808492331976881,0.0,4.944577574729919,0.7795166016289148,0.0769230769230769,4.925507426261902,0.7765101775003258,0.0519480519480519,3.463972806930542,0.5460980781034586,ablation_results\20260903_093354\results.json,A115_dual_rank_residual,20260727,4,test,liver,Mouse,intravenous,mRNA,Luke_Raj_Branched_ester,RM_Michael_addition_branched,384,Liver,Mouse,Intravenous,mRNA
S24,screen:Raj_Jacob_ML_branched_ester_RM_Michael_addition_branched_lung_Mouse_intravenous,22,1.003028318406869,-0.1801242236024844,0.0389610389610389,0.8167057173352855,0.0,1.7574501037597656,0.3822332139697173,0.3333333333333333,1.7574501037597656,0.3822332139697173,0.4,1.752687931060791,0.3811974744216563,ablation_results\20260903_092831\results.json,A115_dual_rank_residual,20260725,2,test,lung,Mouse,intravenous,mRNA,Raj_Jacob_ML_branched_ester,RM_Michael_addition_branched,22,Lung,Mouse,Intravenous,mRNA
S25,screen:A549_form_screen_other_lung_epithelium_A549_in_vitro,157,1.000366081664222,0.1964951887609393,0.7532708369348883,0.94447058521074,0.0,0.9073220491409302,0.1941272839673502,0.1875,0.0,0.0,0.5,0.0,0.0,ablation_results\20260903_093354\results.json,A115_dual_rank_residual,20260727,4,test,lung_epithelium,A549,in_vitro,mRNA,A549_form_screen,other,157,Lung epithelium,A549,In vitro,mRNA
S26,screen:A549_form_screen_RM_Michael_addition_branched_lung_epithelium_A549_in_vitro,1156,1.0020981294776408,0.2402952117051933,0.3313628984793803,0.9467154304133704,0.1551724137931034,0.1079382896423339,0.0207971889805575,0.1810344827586207,0.1079382896423339,0.0207971889805575,0.3060344827586206,0.0809535980224609,0.0155978687665705,ablation_results\20260903_092511\results.json,A115_dual_rank_residual,20260724,1,test,lung_epithelium,A549,in_vitro,mRNA,A549_form_screen,RM_Michael_addition_branched,1156,Lung epithelium,A549,In vitro,mRNA
S27,screen:A549_form_screen_IR_Reductive_amination_lung_epithelium_A549_in_vitro,436,1.0076640710747102,0.2481925214691016,0.3253225372932344,0.9218584842391334,0.0,1.1023632287979126,0.2319587489223302,0.1136363636363636,0.2204728126525879,0.0463917849020132,0.2045454545454545,0.2204728126525879,0.0463917849020132,ablation_results\20260903_092831\results.json,A115_dual_rank_residual,20260725,2,test,lung_epithelium,A549,in_vitro,mRNA,A549_form_screen,IR_Reductive_amination,436,Lung epithelium,A549,In vitro,mRNA
S28,screen:RM_BL_AG_carbonate_RM_carbonate_lung_epithelium_nan_intratracheal,35,0.8580489520137069,0.1844666998010624,-0.1687793266972514,0.824881997893506,0.5,1.4952352046966553,0.318964155871686,0.25,1.4952352046966553,0.318964155871686,0.1428571428571428,1.4952352046966553,0.318964155871686,ablation_results\20260903_093354\results.json,A115_dual_rank_residual,20260727,4,test,lung_epithelium,,intratracheal,mRNA,RM_BL_AG_carbonate,RM_carbonate,35,Lung epithelium,Not reported,Intratracheal,mRNA
S29,screen:IR_4CR_ketone_4CR_Ketone_lung_epithelium_HBEC_ALI_in_vitro,28,1.0399097828913482,-0.3727534143127994,-0.3266765673918242,0.7260033185984976,0.0,2.5391993150115013,0.6153846152457172,0.0,2.5391993150115013,0.6153846152457172,0.1666666666666666,0.0,0.0,ablation_results\20260903_092154\results.json,A115_dual_rank_residual,20260723,0,test,lung_epithelium,HBEC_ALI,in_vitro,mRNA,IR_4CR_ketone,4CR_Ketone,28,Lung epithelium,HBEC-ALI,In vitro,mRNA
S30,screen:LM_3CR_LM_3CR_macrophage_BDMC_in_vitro,36,0.998999573154261,0.3894465894465895,0.2283140283140283,0.7788349110921339,0.0,2.1731282770633698,0.6342312115637269,0.25,0.2456980943679809,0.0717074098729604,0.5,0.0,0.0,ablation_results\20260903_093354\results.json,A115_dual_rank_residual,20260727,4,test,macrophage,BDMC,in_vitro,mRNA,LM_3CR,LM_3CR,36,Macrophage,BDMC,In vitro,mRNA
S31,screen:AGILE_3CR_Agile_3CR_macrophage_RAW264p7_in_vitro,1100,1.0185187249886245,-0.0416408461208763,0.1146225848159272,0.9061728001668116,0.0363636363636363,1.88653564453125,0.2603773964879688,0.1727272727272727,1.2576904296875,0.1735849309919792,0.2772727272727273,1.1483261585235596,0.1584906049043603,ablation_results\20260903_093125\results.json,A115_dual_rank_residual,20260726,3,test,macrophage,RAW264p7,in_vitro,mRNA,AGILE_3CR,Agile_3CR,1100,Macrophage,RAW264.7,In vitro,mRNA
S32,screen:Sanofi_goods_Sanofi_goods_muscle_Mouse_intramuscular,260,0.9370695369208192,0.7121963099325983,0.6719916743288069,0.8851554206345288,0.3076923076923077,0.1120030879974365,0.0255956250836853,0.3461538461538461,0.1120030879974365,0.0255956250836853,0.4230769230769231,0.0,0.0,ablation_results\20260903_092154\results.json,A115_dual_rank_residual,20260723,0,test,muscle,Mouse,intramuscular,mRNA,Sanofi_goods,Sanofi_goods,260,Muscle,Mouse,Intramuscular,mRNA
S33,screen:IR_BL_AG_4CR_IR_4CR_aldehyde_muscle_Mouse_intramuscular,51,1.002348099061699,-0.1715006078167833,0.45643615276367,0.8264109474222389,0.0,0.5672236680984497,0.1813597718767349,0.1666666666666666,0.5672236680984497,0.1813597718767349,0.3636363636363636,0.0,0.0,ablation_results\20260903_093125\results.json,A115_dual_rank_residual,20260726,3,test,muscle,Mouse,intramuscular,mRNA,IR_BL_AG_4CR,IR_4CR_aldehyde,51,Muscle,Mouse,Intramuscular,mRNA
S34,screen:IR_4CR_ketone_4CR_Ketone_muscle_Mouse_intramuscular,71,1.0073067836732854,0.0655952111679094,0.3560619399669111,0.903548224716444,0.0,1.1892624497413635,0.3049754847406584,0.125,0.3764623403549194,0.0965403261166726,0.1333333333333333,0.3455293178558349,0.0886078352411694,ablation_results\20260903_092511\results.json,A115_dual_rank_residual,20260724,1,test,muscle,Mouse,intramuscular,mRNA,IR_4CR_ketone,4CR_Ketone,71,Muscle,Mouse,Intramuscular,mRNA
S35,screen:Raj_Jacob_ML_branched_ester_RM_Michael_addition_branched_muscle_Mouse_intramuscular,18,1.001575897382501,-0.2734778121775025,0.2755417956656346,0.909269882124952,0.0,1.3055254817008972,0.3016491384983931,0.0,1.0219670534133911,0.2361313398756917,0.0,1.0012906789779663,0.2313539451613502,ablation_results\20260903_093125\results.json,A115_dual_rank_residual,20260726,3,test,muscle,Mouse,intramuscular,mRNA,Raj_Jacob_ML_branched_ester,RM_Michael_addition_branched,18,Muscle,Mouse,Intramuscular,mRNA
S36,screen:RM_BL_AG_carbonate_RM_carbonate_muscle_nan_intramuscular,4,1.0046665830961024,-0.1999999999999999,-0.1999999999999999,0.6625315674018344,0.0,2.561699151992798,1.0,0.0,2.561699151992798,1.0,0.0,2.561699151992798,1.0,ablation_results\20260903_093125\results.json,A115_dual_rank_residual,20260726,3,test,muscle,,intramuscular,mRNA,RM_BL_AG_carbonate,RM_carbonate,4,Muscle,Not reported,Intramuscular,mRNA
S37,screen:Raj_Jacob_ML_branched_ester_RM_Michael_addition_branched_spleen_Mouse_intravenous,97,1.0132262855581229,-0.092562092160375,0.4767333681824367,0.9007178186919436,0.2,1.141494870185852,0.223135147635398,0.2,1.141494870185852,0.223135147635398,0.35,1.141494870185852,0.223135147635398,ablation_results\20260903_092511\results.json,A115_dual_rank_residual,20260724,1,test,spleen,Mouse,intravenous,mRNA,Raj_Jacob_ML_branched_ester,RM_Michael_addition_branched,97,Spleen,Mouse,Intravenous,mRNA
S38,screen:He_4CR_aldehyde_He_4CR_aldehyde_spleen_Mouse_intravenous,160,0.9969279412367132,-0.2532594441228766,-0.0199721052400053,0.836765347837108,0.0,0.2710013389587402,0.0909090981799097,0.0625,0.2710013389587402,0.0909090981799097,0.25,0.0956475734710693,0.0320855781774399,ablation_results\20260903_093125\results.json,A115_dual_rank_residual,20260726,3,test,spleen,Mouse,intravenous,mRNA,He_4CR_aldehyde,He_4CR_aldehyde,160,Spleen,Mouse,Intravenous,mRNA
