source,model,seed,fold_index,split,n,groups,rmse,point_spearman,within_group_spearman,within_group_ndcg,pair_accuracy,within_group_spearman_ci_low,within_group_spearman_ci_high,within_group_ndcg_ci_low,within_group_ndcg_ci_high,within_group_hit_recall_5pct,within_group_hit_recall_5pct_ci_low,within_group_hit_recall_5pct_ci_high,within_group_normalized_regret_5pct,within_group_normalized_regret_5pct_ci_low,within_group_normalized_regret_5pct_ci_high,within_group_regret_5pct,within_group_hit_recall_10pct,within_group_hit_recall_10pct_ci_low,within_group_hit_recall_10pct_ci_high,within_group_normalized_regret_10pct,within_group_normalized_regret_10pct_ci_low,within_group_normalized_regret_10pct_ci_high,within_group_regret_10pct,within_group_hit_recall_20pct,within_group_hit_recall_20pct_ci_low,within_group_hit_recall_20pct_ci_high,within_group_normalized_regret_20pct,within_group_normalized_regret_20pct_ci_low,within_group_normalized_regret_20pct_ci_high,within_group_regret_20pct
ablation_results\20260903_092154\results.json,A115_dual_rank_residual,20260723,0,val,2532,7,0.9993637850370004,0.09483042740912549,0.19462062006656575,0.8374661559582092,0.5665925720639966,0.007500018721376415,0.40724941466889525,0.7508605830116794,0.9068841622833264,0.09472202674173118,0.025510204081632654,0.17329345531315976,0.23154068937378458,0.11274324825894436,0.35063194561521976,1.462885856628418,0.21379310344827585,0.12517036124794745,0.30238095238095236,0.17518350309711353,0.07234806653576051,0.31111894143764035,1.1166311928204127,0.2863505747126437,0.17916666666666667,0.41342364532019704,0.06711441018846138,0.01708797280900758,0.1295817394606508,0.38339037554604666
method\benchmark_results\matched_baselines_20260902_171216\predictions.csv,Metadata only / Extra Trees,20260723,0,val,2532,7,0.9213703122762505,0.3436475963416451,0.3146889644832555,0.8218367820263043,0.5129374236007217,-0.09759195670386205,0.554916368479859,0.6915078125942112,0.9202938515324164,0.2474900304949566,0.06755805770584096,0.5178981937602628,0.23577206724641098,0.06293781385015187,0.4617353445386399,1.5760326077685793,0.3351864883884588,0.17497874149659862,0.574642270701384,0.18549251640772116,0.01265826301146204,0.4207866340544236,1.3473679962665508,0.31064537884119164,0.19933853067088905,0.4347291006920008,0.18141453882038977,0.008580285424130685,0.4167086564670924,1.331465782408649
method\benchmark_results\matched_baselines_20260902_171216\predictions.csv,Ionizable Morgan + metadata / Extra Trees,20260723,0,val,2532,7,0.9943992774913141,0.25829349061744084,0.27593822829772746,0.8443959857229378,0.6124706621021632,0.12630145725268688,0.422768902873125,0.7207799104981065,0.9199545145916439,0.03876378137461881,0.01020408163265306,0.07142857142857142,0.20358967651339488,0.091047906871008,0.33501441198457843,1.2896092007745408,0.23499882711705372,0.13023692235514894,0.3295566502463054,0.15031520893763226,0.036298715183837406,0.29791855991909316,1.010883979604239,0.30571340605207603,0.19638605442176874,0.4090268370279146,0.1274445794648808,0.016151532108709156,0.27702861873552226,0.8995329125995923
method\benchmark_results\dual_head_hybrid_postfix_20260903_093428,validation_selected_neural_tree_hybrid,20260723,0,val,2532,7,0.9213272741618286,0.35156729472918297,0.27593822829772746,0.844395987104536,0.6124706621021632,0.12630145725268688,0.422768902873125,0.7207799077087471,0.9199545176925195,0.03876378137461881,0.01020408163265306,0.07142857142857142,0.20358966683992824,0.09104789202012753,0.33501440621421746,1.2896092193467277,0.23499882711705372,0.13023692235514894,0.3295566502463054,0.1503152023073872,0.0362987114813895,0.2979185612580797,1.0108840039798193,0.30571340605207603,0.19638605442176874,0.4090268370279146,0.12744457299889683,0.016151524430557094,0.27702862080744634,0.8995329311915806
ablation_results\20260903_092154\results.json,A115_dual_rank_residual,20260723,0,test,2548,8,1.0044977631953613,0.27042690819152587,0.27107359450400387,0.7670825454054464,0.6252744710011375,0.04894335504624201,0.496591500571893,0.6655443584309202,0.8658360207823108,0.09048856548856549,0.025,0.17884615384615385,0.3505623303610492,0.13157904991245167,0.5903371926586465,1.4961908739060163,0.11050987702773417,0.033227040816326534,0.20294299450549447,0.2880623303610492,0.07657895254093391,0.5111612494374005,1.2938798125833273,0.3536711800104657,0.2370443730376766,0.4810457548403974,0.0,0.0,0.0,0.0
method\benchmark_results\matched_baselines_20260902_171216\predictions.csv,Metadata only / Extra Trees,20260723,0,test,2548,8,1.0111297145445486,-0.0760849391447231,0.2011141357655351,0.737138468742291,0.45091722262045575,0.06753066339935543,0.33276069786638074,0.6548208346469642,0.825263564973978,0.15385914760914762,0.05337837837837838,0.27308991683991685,0.3516997680055795,0.12348143680093543,0.6231835198411646,1.2732547565279795,0.1068861198325484,0.04075091575091575,0.1706174777603349,0.30010536165281443,0.05769230769230769,0.5578599536428839,1.0672205047083057,0.22183084772370487,0.11770669806384093,0.32635727367870226,0.2670721233927074,0.054681587293210265,0.521770351799897,0.9359899329535428
method\benchmark_results\matched_baselines_20260902_171216\predictions.csv,Ionizable Morgan + metadata / Extra Trees,20260723,0,test,2548,8,0.9852285082458654,0.1632377218395281,0.23006679339414407,0.7525131282394175,0.612874935073551,-0.03986982941976676,0.4992606063179933,0.6449409102225538,0.8678119219149698,0.21502079002079,0.028846153846153848,0.4556457900207887,0.3444295655243135,0.11875000000000001,0.5899038461538462,1.4973155451144402,0.20638082155939297,0.08121933869701728,0.3375011446886447,0.22567956552431345,0.035775719370467335,0.4735576923076923,0.8567662802792007,0.3090512166405024,0.1500955406200942,0.4907684948979591,0.06089176224933254,0.0,0.17627637763394793,0.25205031204028105
method\benchmark_results\dual_head_hybrid_postfix_20260903_093428,validation_selected_neural_tree_hybrid,20260723,0,test,2548,8,1.0048878639127745,-0.012889005689679779,0.23006679339414407,0.7525131313914271,0.612874935073551,-0.03986982941976676,0.4992606063179933,0.6449409137187412,0.8678119243766106,0.21502079002079,0.028846153846153848,0.4556457900207887,0.34442956462456537,0.11875000056210888,0.5899038511835566,1.4973156217020005,0.20638082155939297,0.08121933869701728,0.3375011446886447,0.22567956406245648,0.035775719339768815,0.4735576902365879,0.8567663196008652,0.3090512166405024,0.1500955406200942,0.4907684948979591,0.06089176166115754,0.0,0.17627637871255128,0.25205032527446747
ablation_results\20260903_092511\results.json,A115_dual_rank_residual,20260724,1,val,2537,7,0.9972793666097429,0.20265637352785523,0.23795216072729491,0.8495674362699323,0.5885521527861838,0.13398346806013578,0.3662659119268225,0.7588557786400766,0.9113356135543081,0.1464845499328258,0.04254366323331841,0.26077026421854005,0.18842619914144226,0.05455000751057221,0.3541978619755115,0.7920648115021842,0.3007696368266083,0.15585505677896982,0.46128783822374514,0.18827822892958304,0.060824981716151735,0.3475759261279211,0.7913844670568194,0.36781396353007606,0.22410890739695088,0.5001287283688177,0.12745324721343132,0.010483045994409631,0.26553029681393076,0.5742345878056118
method\benchmark_results\matched_baselines_20260902_171216\predictions.csv,Metadata only / Extra Trees,20260724,1,val,2537,7,0.9866461830711135,0.08154812420856883,0.015022852796566089,0.7695257289102807,0.11912519978952621,-0.31158422780359957,0.34487859732469617,0.6601714811814006,0.8589339577136492,0.034258844603672185,0.0,0.07321988356471114,0.31341986211931977,0.13859392692983818,0.5218329287209628,1.353628554313923,0.06491049738690624,0.009852216748768473,0.1270651343541369,0.2640826014418529,0.07047688455087034,0.5059189197452776,1.1496534011526154,0.1997661119783882,0.10927912667043102,0.29614771896901054,0.1620068016162824,0.01421580051270099,0.34389804874848745,0.7193755578134962
method\benchmark_results\matched_baselines_20260902_171216\predictions.csv,Ionizable Morgan + metadata / Extra Trees,20260724,1,val,2537,7,0.9848160426198893,0.19914171624256582,0.19057406233638977,0.8358136182195576,0.5700319416206976,-0.004446412028129969,0.40841285150269524,0.7459744066257387,0.9060008356197249,0.21247947454844004,0.062233169129720864,0.38674055829228215,0.18285238336524584,0.060382916053019174,0.31169005212197387,0.7748696404225096,0.24211065462939527,0.08945364979847738,0.39945741415006786,0.16640662980609022,0.05112486620747806,0.3020433102278921,0.6967126621741305,0.32765663577684034,0.14976002258610954,0.5151301400006644,0.09992129730514657,0.02004194826380796,0.2085465552406459,0.44533094967396913
method\benchmark_results\dual_head_hybrid_postfix_20260903_093428,validation_selected_neural_tree_hybrid,20260724,1,val,2537,7,0.9854427244015231,0.1620141539135159,0.24228149620773137,0.8501528601009006,0.5929790193206045,0.09962048788563196,0.4114344131510413,0.7618148272439558,0.9148984242660612,0.15141065830721004,0.017913121361397222,0.3121809225257501,0.18842619914144226,0.05455000751057221,0.3541978619755115,0.7920648115021842,0.27229101899266817,0.12152000298552022,0.4332000071392873,0.18827822892958304,0.060824981716151735,0.3475759261279211,0.7913844670568194,0.378080678911881,0.22231789949181252,0.5256374970936991,0.1272794798650772,0.010309278646055506,0.26501333895257717,0.5734087739671979
ablation_results\20260903_092511\results.json,A115_dual_rank_residual,20260724,1,test,2532,7,1.0070634851299733,0.06123512259464819,0.2987139804559783,0.8361514932232964,0.5955285651367453,0.15027062203131522,0.4582000107134974,0.7273586035806305,0.910941785228741,0.08390218156228009,0.030612244897959183,0.1410450387051372,0.25190094820128833,0.10392116802487776,0.43162518080713574,1.5777850236211504,0.20579404175463287,0.14882125263898663,0.2734811165845648,0.14679640123662832,0.043729022071772386,0.2883545451338915,0.9679117543356759,0.290272402064274,0.21341198979591838,0.37253877844241146,0.06635207629154079,0.012658262177309922,0.1297340656154518,0.3658593211855207
method\benchmark_results\matched_baselines_20260902_171216\predictions.csv,Metadata only / Extra Trees,20260724,1,test,2532,7,0.949774039253999,0.30725840368561763,0.2209939989711687,0.8165919706576855,0.4931434702262741,-0.18176159530020133,0.48843565488632795,0.6850741370481648,0.91157033622213,0.2905934787708186,0.11678102275392915,0.5453553835327234,0.2082180255682289,0.03538377217196983,0.4349318577908008,1.4685846745633522,0.31954609429978886,0.16222495894909686,0.562613183204316,0.2082180255682289,0.03538377217196983,0.4349318577908008,1.4685846745633522,0.30658133943232463,0.19222525216983344,0.4349877580342482,0.18141453882038977,0.008580285424130685,0.4167086564670924,1.331465782408649
method\benchmark_results\matched_baselines_20260902_171216\predictions.csv,Ionizable Morgan + metadata / Extra Trees,20260724,1,test,2532,7,1.052104492043296,0.19938991827531094,0.30326158942102127,0.8430378515097173,0.5857310584412074,0.14748181048602613,0.43947037742404205,0.7230461013904684,0.9247278696454407,0.1327234342012667,0.028571428571428574,0.2755119634060521,0.25180150296082154,0.09427390987155629,0.45891060301704295,1.6208664553223027,0.18449448745015246,0.10662693525686137,0.25510204081632654,0.2019535066358535,0.05936240362565564,0.42359901721540744,1.3554266822194847,0.29629808820079756,0.2334495953553835,0.3601254618226601,0.1537510786976066,0.01651491984090923,0.38632174994668594,1.1081235579986155
method\benchmark_results\dual_head_hybrid_postfix_20260903_093428,validation_selected_neural_tree_hybrid,20260724,1,test,2532,7,0.9567192754195675,0.2835528220037911,0.3194753913726403,0.8513853713258996,0.5995924605196128,0.18157649168788673,0.4587449616218392,0.7362763139996559,0.921066407377796,0.06604503870513723,0.015306122448979591,0.12568613652357494,0.24850377165667825,0.09361476911555681,0.45610804423128565,1.6019703234945024,0.2026917663617171,0.15318921534130894,0.25663265306122446,0.17714187448043886,0.043729022071772386,0.3760711334262424,1.1996279614312308,0.305553600750645,0.23452095062162795,0.36749999999999994,0.06202187332865429,0.012658262177309922,0.11562884666614161,0.3437624658857073
ablation_results\20260903_092831\results.json,A115_dual_rank_residual,20260725,2,val,2541,8,1.0016865437456948,0.11441368215909992,0.28096154845065746,0.892632703725728,0.540463121282664,0.03798723715014378,0.5284495785025439,0.8249286543707559,0.9455452049042895,0.16847643097643095,0.016025883838383846,0.42727272727272725,0.21965970396062479,0.09567915160033777,0.3450478280158454,0.9651704914867878,0.27283775252525255,0.1125,0.4951432291666666,0.09015934628856719,0.022669971484591867,0.16551087635771494,0.45667459070682526,0.3341886123136123,0.15356725739538238,0.5569560560966809,0.07163764825736701,0.02004843362760638,0.1366856630135296,0.3242198973894119
method\benchmark_results\matched_baselines_20260902_171216\predictions.csv,Metadata only / Extra Trees,20260725,2,val,2541,8,1.0013496046073378,0.027114617864511033,0.19892466144153617,0.8491418302768661,0.003084995886967309,-0.07953515164583669,0.6153901810271929,0.7854429080483388,0.9045361602657137,0.09554924242424243,0.020833333333333332,0.19554924242424243,0.3487233316515604,0.10115104479707675,0.6290106951871658,1.19578005877828,0.10127314814814815,0.025,0.20439814814814816,0.31953194841785976,0.0712282984215081,0.6442070388234935,1.0491068024670425,0.1340935395622896,0.026136363636363635,0.2652909958964638,0.30207911822760225,0.0423090555749774,0.5769876658869673,0.9226542504410671
method\benchmark_results\matched_baselines_20260902_171216\predictions.csv,Ionizable Morgan + metadata / Extra Trees,20260725,2,val,2541,8,1.0112351237911787,0.24177457602632993,0.3998079428493059,0.9124222118385632,0.5791867263713134,0.22802599567584828,0.5893080082390996,0.861809294194695,0.9540566809238661,0.3426557239057239,0.14705387205387205,0.575776515151515,0.09325287589397252,0.026350753260378383,0.16687844317950692,0.424361271966318,0.3261731902356902,0.13944444444444445,0.5462121212121211,0.06126727252640218,0.011610397243776565,0.11852384986563859,0.30135195489042277,0.43353137025012023,0.2444760101010101,0.6376118232172917,0.05013971760039695,0.005182738902354574,0.11316094219581294,0.2614899750600172
method\benchmark_results\dual_head_hybrid_postfix_20260903_093428,validation_selected_neural_tree_hybrid,20260725,2,val,2541,8,1.0004055510075378,0.13095924878450796,0.3998079428493059,0.9124222125785262,0.5791867263713134,0.22802599567584828,0.5893080082390996,0.8618092958177935,0.9540566809143645,0.3426557239057239,0.14705387205387205,0.575776515151515,0.09325288147540672,0.02635075188352022,0.16687845131686815,0.42436128482222557,0.3261731902356902,0.13944444444444445,0.5462121212121211,0.06126727320955071,0.01161039617475895,0.11852385382483814,0.30135195702314377,0.43353137025012023,0.2444760101010101,0.6376118232172917,0.05013972274761858,0.00518273856910669,0.11316094760706283,0.26148999482393265
ablation_results\20260903_092831\results.json,A115_dual_rank_residual,20260725,2,test,2537,7,0.9982362953679292,0.11362835143999793,0.1905809045059273,0.8182647057132453,0.5866413373484749,0.0883814233950486,0.3037850402472782,0.7202688032383252,0.885536730654773,0.12610837438423644,0.019704433497536946,0.2541871921182266,0.23953574962689222,0.07260492069409286,0.457817172989285,1.0559369793960027,0.21489277006518384,0.10424783549783549,0.3449370552818828,0.15609377431993138,0.03859526220735995,0.29509766333431947,0.6861425978796822,0.29977026383676,0.19746823828345572,0.3879543378616267,0.10056075760038079,0.006627397843144751,0.2199245414157816,0.4532215765544346
method\benchmark_results\matched_baselines_20260902_171216\predictions.csv,Metadata only / Extra Trees,20260725,2,test,2537,7,0.9804041341944882,0.13159204684140494,0.09079912265160203,0.7930416963051738,0.12649054720714623,-0.24951020958182726,0.44799909046075187,0.6816287029866545,0.8749477638630012,0.10282131661442005,0.019704433497536946,0.21719659650694087,0.21543768139301603,0.03361761087869507,0.46537451432673804,0.9612767617280651,0.17163040583095263,0.09760236382954436,0.25506387769318795,0.11062089201749932,0.0314543761978023,0.21953445417161013,0.4979894538624859,0.23674090189435457,0.12294372294372294,0.343776032151991,0.10013784314661076,0.01421580051270099,0.20272040748953896,0.4481696982865791
method\benchmark_results\matched_baselines_20260902_171216\predictions.csv,Ionizable Morgan + metadata / Extra Trees,20260725,2,test,2537,7,0.9546512330183105,0.2788991600167769,0.2749808145760884,0.8362185126037929,0.5975479309586685,0.03723482664632068,0.5353841677622904,0.7243438024118798,0.9169492948926249,0.22559088421157386,0.08866995073891626,0.39518336070060206,0.17322166075716375,0.006627393225331378,0.404124026892049,0.7734407044265461,0.3172093225096136,0.16273219482695628,0.48156827223643073,0.12359760040538492,0.006627393225331378,0.28696794363655115,0.5559110049809494,0.3595177201315308,0.21032650214235893,0.5127289334706214,0.11697020718005355,0.0,0.25005370441199254,0.524414909268916
method\benchmark_results\dual_head_hybrid_postfix_20260903_093428,validation_selected_neural_tree_hybrid,20260725,2,test,2537,7,0.9781970345004571,0.23212265604483906,0.2749808145760884,0.8362185150796456,0.5975479309586685,0.03723482664632068,0.5353841677622904,0.7243438051364824,0.9169492965278032,0.22559088421157386,0.08866995073891626,0.39518336070060206,0.17322166667120584,0.006627397843144751,0.4041240380499995,0.773440705878394,0.3172093225096136,0.16273219482695628,0.48156827223643073,0.12359760982304027,0.006627397843144751,0.28696795600375014,0.5559110300881522,0.3595177201315308,0.21032650214235893,0.5127289334706214,0.11697021197989553,0.0,0.25005371967863566,0.5244149139949253
ablation_results\20260903_093125\results.json,A115_dual_rank_residual,20260726,3,val,2534,8,1.0013200791120933,0.04720564951148266,0.1626734475117604,0.8281531824465727,0.528139761637686,-0.07579073120116955,0.4044516242240343,0.6855373374687947,0.9313539991333317,0.13358585858585859,0.03314393939393939,0.25515940656565633,0.231516480979861,0.0517531207660774,0.45425650595326356,1.2333529251627624,0.20986303651356467,0.08195781239740306,0.38029927910264605,0.21800895541735982,0.030369868557383155,0.45508259942332824,1.1763035892508924,0.3506027484350548,0.17867480093629964,0.5659724195075757,0.20818585054931749,0.026343202837182077,0.4494562623592252,1.1268110759556293
method\benchmark_results\matched_baselines_20260902_171216\predictions.csv,Metadata only / Extra Trees,20260726,3,val,2534,8,0.9935490910784949,0.015716335975450392,0.18127100838733567,0.8010625781652863,0.009390941366429458,-0.15209370308091547,0.4129142446630369,0.691194409911127,0.8854249116423649,0.09652777777777778,0.00625,0.21805555555555556,0.3703827249597624,0.15589640587004674,0.6149743076711108,1.6717069267739064,0.13616622276393403,0.04266826923076923,0.2611682682902974,0.32012993347657087,0.12177881962472285,0.5195009912042526,1.4397133820131018,0.19492848822734385,0.07769097222222222,0.32705330785216347,0.30824095861917866,0.11878241614365316,0.5078325337266697,1.3832373528272879
method\benchmark_results\matched_baselines_20260902_171216\predictions.csv,Ionizable Morgan + metadata / Extra Trees,20260726,3,val,2534,8,1.0182845420829743,0.044128413414110744,0.20070011410796473,0.8336133394423182,0.5154582036383135,0.007326959318253018,0.39238071385137224,0.697213589611546,0.933209905681863,0.18311237373737374,0.024305555555555556,0.43311237373737377,0.24991798169379037,0.06551835747856524,0.4922510819908329,1.326504902558136,0.2579109588572617,0.148619518502331,0.3666326057671788,0.20739932925758725,0.04200466604729858,0.4157368949682377,1.12827444154425,0.36806338345730955,0.242367721559788,0.5166913412291934,0.17548068912179499,0.008186965802957125,0.4083626230794365,0.9851862140225008
method\benchmark_results\dual_head_hybrid_postfix_20260903_093428,validation_selected_neural_tree_hybrid,20260726,3,val,2534,8,0.9935260435304534,0.0156030721012567,0.20070011410796473,0.8336133388630347,0.5154582036383135,0.007326959318253018,0.39238071385137224,0.6972135905875947,0.9332099039783286,0.18311237373737374,0.024305555555555556,0.43311237373737377,0.24991799610948248,0.06551836484883251,0.49225109631159286,1.3265049569308758,0.2579109588572617,0.148619518502331,0.3666326057671788,0.207399334756583,0.04200466509573535,0.41573690657946316,1.1282744407653809,0.36806338345730955,0.242367721559788,0.5166913412291934,0.17548069196871643,0.008186964827480235,0.4083626297751808,0.9851862043142319
ablation_results\20260903_093125\results.json,A115_dual_rank_residual,20260726,3,test,2541,8,1.0027187165119054,0.13477561279445505,0.21854464817988886,0.873720860435766,0.5560669667247243,0.061688235691733664,0.38069467936705376,0.807964418274171,0.9287297961246492,0.06658249158249158,0.004545454545454545,0.14907407407407408,0.24681177940920282,0.08117358891973311,0.46435607193594824,0.8902244418859482,0.15324600168350166,0.04823942550505051,0.2901094276094276,0.22195056123551454,0.06709392982705706,0.4606586212909794,0.7553981617093086,0.25355940355940354,0.13863027597402597,0.3577208844396344,0.18944368465036893,0.027832720157405032,0.43954395208217295,0.6463209018111229
method\benchmark_results\matched_baselines_20260902_171216\predictions.csv,Metadata only / Extra Trees,20260726,3,test,2541,8,1.0044310901353188,0.04050458090577491,0.16829314987628133,0.8312869352255228,0.0027821633400836065,-0.2039347308579719,0.41964893536426634,0.7725398037871128,0.8861494464168554,0.04554924242424242,0.00909090909090909,0.09245738636363618,0.4347201879938554,0.15139552366666215,0.763212517229177,1.5695451767934654,0.07627314814814815,0.025,0.13506944444444446,0.3591425594524041,0.107482028606188,0.6522677069303582,1.2145410708433486,0.09034353956228956,0.025,0.15454545454545454,0.3084987292615731,0.05212317242619434,0.5781820170474716,0.9460146298083238
method\benchmark_results\matched_baselines_20260902_171216\predictions.csv,Ionizable Morgan + metadata / Extra Trees,20260726,3,test,2541,8,1.0042775183006143,0.11834348494360868,0.17423351553252897,0.864022593296919,0.5468491690257204,-0.027378018493221162,0.3864908906086513,0.7860883028347124,0.9332199968960856,0.12539983164983165,0.031818181818181815,0.23472222222222222,0.31518293906939543,0.09250716028626998,0.5566500571117485,1.110968172078966,0.2372790404040404,0.12152777777777779,0.3472222222222222,0.19578532421932662,0.033490822566175554,0.4446425815970174,0.7124425216764663,0.2962602212602213,0.13347011784511786,0.4483806818181818,0.19518814863907438,0.03290857637542964,0.44434710453205517,0.7098579693073696
method\benchmark_results\dual_head_hybrid_postfix_20260903_093428,validation_selected_neural_tree_hybrid,20260726,3,test,2541,8,1.0038449914500243,0.09178738962345553,0.17423351553252897,0.8640225925709671,0.5468491690257204,-0.027378018493221162,0.3864908906086513,0.7860883036537306,0.9332199960298855,0.12539983164983165,0.031818181818181815,0.23472222222222222,0.31518294413367526,0.09250714800042142,0.5566500560532492,1.1109681650996208,0.2372790404040404,0.12152777777777779,0.3472222222222222,0.19578532740891424,0.03349082378378638,0.4446425888597005,0.7124425172805786,0.2962602212602213,0.13347011784511786,0.4483806818181818,0.19518815306962156,0.032908578802976,0.44434711073501465,0.7098579704761505
ablation_results\20260903_093354\results.json,A115_dual_rank_residual,20260727,4,val,2548,8,0.9976042459871053,0.2730483524053278,0.17090056234021372,0.7483843614742509,0.6016905957375888,0.047258112586278926,0.28670508766738134,0.6685068450121049,0.8266424563083631,0.08152027027027027,0.025,0.1577702702702703,0.4599987825802482,0.20192307603831702,0.7346398304564852,1.837410072563216,0.11023188121402408,0.05206330128205128,0.18756021879905804,0.20753139811778576,0.062499994892452206,0.371017971149376,0.8871536860242486,0.2888572736787023,0.2143674777603349,0.3586755134746206,0.043035945825376495,0.0,0.10072824851734868,0.16038908064365387
method\benchmark_results\matched_baselines_20260902_171216\predictions.csv,Metadata only / Extra Trees,20260727,4,val,2548,8,1.0045284995107264,-0.09268407850563923,0.272066996822877,0.7550127178347572,0.40207473378133257,0.04853568182260251,0.4918426868863641,0.6661466387758178,0.8464767597678085,0.2805483367983368,0.09854307432432434,0.5254807692307693,0.2523407936466051,0.027340793646605133,0.55,0.8581105625164502,0.19362081371009943,0.07539430435635792,0.34677614795918354,0.24241305396050672,0.027340793646605133,0.5301445206278032,0.8291705840318475,0.2206828885400314,0.11602564102564103,0.3246088435374149,0.2382259695465536,0.027340793646605133,0.5217703517998968,0.8169649726153138
method\benchmark_results\matched_baselines_20260902_171216\predictions.csv,Ionizable Morgan + metadata / Extra Trees,20260727,4,val,2548,8,0.984873727829293,0.15954269970368143,0.2676801760471424,0.7732182611563589,0.6139736281304257,0.0603913277945362,0.4945549184206135,0.6631314368131441,0.8786660820830159,0.14075883575883577,0.038461538461538464,0.27157510395010365,0.29787774065314687,0.12209836367107457,0.49135651045865225,1.1619064231002803,0.26363160648874934,0.14883143642072214,0.3659056122448979,0.1257956084031787,0.003199454557024855,0.31329560840317866,0.4364919324637755,0.37598279696493986,0.22920080291732076,0.5183346415489273,0.1257956084031787,0.003199454557024855,0.3164950629602035,0.4364919324637755
method\benchmark_results\dual_head_hybrid_postfix_20260903_093428,validation_selected_neural_tree_hybrid,20260727,4,val,2548,8,0.9969502157661586,0.26915368126902117,0.2676801760471424,0.7732182638256062,0.6139736281304257,0.0603913277945362,0.4945549184206135,0.6631314391324489,0.8786660866859204,0.14075883575883577,0.038461538461538464,0.27157510395010365,0.2978777328306925,0.12209837578880584,0.4913564967516548,1.1619063639082015,0.26363160648874934,0.14883143642072214,0.3659056122448979,0.12579560979678994,0.0031994600332292274,0.31329560663193917,0.43649192759767175,0.37598279696493986,0.22920080291732076,0.5183346415489273,0.12579560979678994,0.0031994600332292274,0.3164950666651684,0.43649192759767175
ablation_results\20260903_093354\results.json,A115_dual_rank_residual,20260727,4,test,2534,8,1.002001135981153,0.005045141744921955,0.12977970502820146,0.8136140640063922,0.5472330326452735,-0.06157277226541752,0.3466682076407984,0.6796016489066821,0.9076753078755772,0.09362373737373737,0.006818181818181818,0.21862373737373736,0.294855378523478,0.13417034517973578,0.48553200279471276,1.4395720846951008,0.20438949010691967,0.14729814395307353,0.25380464526426233,0.19088371743866311,0.055132473457409445,0.3761255571581585,1.0405987054109573,0.3242501727536939,0.21955139930492043,0.4266284512631342,0.1390645864901635,0.015184138830727032,0.2963978001012376,0.7574655264616013
method\benchmark_results\matched_baselines_20260902_171216\predictions.csv,Metadata only / Extra Trees,20260727,4,test,2534,8,0.9929950741673066,0.018885414937537346,0.3038088617949603,0.8081693599780443,0.009457066289634377,0.210553172017554,0.41788092978744124,0.6966059706516883,0.8902372424625595,0.09652777777777778,0.00625,0.21805555555555556,0.343827457639284,0.13370295281031963,0.5871385511857715,1.55922095006316,0.13616622276393403,0.04266826923076923,0.2611682682902974,0.2935746661560925,0.10597052386129752,0.4867717824728108,1.3272274053023554,0.23711598822734387,0.12012041869271183,0.3558291442944282,0.26512543592968796,0.09239545981892182,0.46338097996483796,1.2006034662016511
method\benchmark_results\matched_baselines_20260902_171216\predictions.csv,Ionizable Morgan + metadata / Extra Trees,20260727,4,test,2534,8,1.0140860149058277,0.09385631635463941,0.24288492202274511,0.8411028284431339,0.5455041664712976,-0.0015515584624335305,0.4787609173478475,0.7033451542391498,0.9385398860757098,0.1954229797979798,0.0547979797979798,0.33188052398989865,0.20631535277450191,0.02982685994148936,0.44939750671967527,1.1143611374753244,0.26095548866235485,0.13695245726495725,0.38003902359866265,0.1974221899255157,0.017567063682239335,0.4423594774755475,1.0861957496403836,0.33819896970205066,0.21195538048365953,0.4819364875331534,0.19576305544402386,0.01732108445075931,0.44732562456013564,1.078418085018313
method\benchmark_results\dual_head_hybrid_postfix_20260903_093428,validation_selected_neural_tree_hybrid,20260727,4,test,2534,8,0.9982763936818463,0.03214988319295097,0.24288492202274511,0.8411028297084009,0.5455041664712976,-0.0015515584624335305,0.4787609173478475,0.7033451572596086,0.9385398862259969,0.1954229797979798,0.0547979797979798,0.33188052398989865,0.20631534780061242,0.029826870363570318,0.4493975000989788,1.1143610938452184,0.26095548866235485,0.13695245726495725,0.38003902359866265,0.19742218967030237,0.017567065678761255,0.442359474282442,1.086195723619312,0.33819896970205066,0.21195538048365953,0.4819364875331534,0.19576305508622818,0.017321085558878874,0.4473256275953843,1.0784180583432317
